line,text
1,INT. RED KEEP - CERSEI’S CHAMBER
2,CERSEI is standing at the balcony looking out across King’s Landing at the Great Sept of Baelor.
3,CUT TO: RED KEEP - TOMMEN’S CHAMBER
4,TOMMEN is being dressed by an attendant.
5,CUT TO: RED KEEP - MARGAERY’S CHAMBER
6,MARGAERY is being dressed by a handmaiden.
7,CUT TO: GREAT SEPT OF BAELOR - PRAYER ROOM
8,"The HIGH SPARROW dresses himself in a roughspun tunic, sliding his hands through the sleeves one by one."
9,CUT TO: RED KEEP - TOMMEN’S CHAMBER
10,The attendant places a large golden necklace around TOMMEN’s neck.
11,CUT TO: RED KEEP - MARGAERY’S CHAMBER
12,The handmaiden finishes tying MARGAERY’s dress and fixes her hair.
13,CUT TO: RED KEEP - TOMMEN’S CHAMBER
14,The attendant places TOMMEN’s crown on top of his head. TOMMEN looks out the window.
15,CUT TO: GREAT SEPT OF BAELOR
16,A pair of Faith Militant men open the main door to the Sept. A crowd of nobles filters inside.
17,CUT TO: GREAT SEPT OF BAELOR - LORAS’ CELL
18,"LORAS sits in the back of his cell, muttering to himself. LANCEL and two other Faith Militant enter. LORAS cowers. The Faith Militant take hold of LORAS."
19,CUT TO: GREAT SEPT OF BAELOR
20,"The HIGH SPARROW and six other septons enter. They walk down the steps. MARGAERY appears in the crowd beside her father, MACE. She and the HIGH SPARROW exchange a glance as he walks by. The HIGH SPARROW and the other septons occupy seven chairs seated in a circle around the central chamber of the sept. MARGAERY looks around."
21,CUT TO: RED KEEP - TOMMEN’s CHAMBER
22,"TOMMEN is sitting in a chair in the center of the room, looking out the window. His attendant enters."
23,ATTENDANT: Your Grace. The trial will be getting underway soon.
24,CUT TO: RED KEEP - CERSEI’S CHAMBER
25,A handmaiden connects a golden chain between two golden shoulder fastenings on CERSEI’s dress.
26,CUT TO: RED KEEP - TOMMEN’S CHAMBER
27,TOMMEN says nothing. The attendant leaves.
28,CUT TO: RED KEEP - CERSEI’S CHAMBER
29,The handmaiden places a ring on CERSEI’s middle finger.
30,CUT TO: RED KEEP - MAESTER PYCELLE’S CHAMBER
31,"PYCELLE is standing in front of a bureau. He picks up a piece of paper and reads it, then picks up his chain, places it around his neck, and looks in the mirror. A mistress lying on his bed stares at him in the reflection of the mirror."
32,MISTRESS: You got my money?
33,PYCELLE: Later. Go away.
34,"The mistress stands and leaves. PYCELLE straightens himself out, sighs, and exits the room. In the hallway, he walks down a set of steps. A young girl appears on the steps behind him."
35,GIRL: Grand Maester.
36,PYCELLE turns back to look at her and walks over to her. He bends down and she whispers into his ear.
37,CUT TO: GREAT SEPT OF BAELOR
38,LANCEL and a group of Faith Militant usher LORAS into the sept and down the steps. His hair has been shorn. MARGAERY stares at him. The Faith Militant lead him to the center of the room and move away. The HIGH SPARROW stands.
39,HIGH SPARROW: Ser Loras Tyrell. Are you prepared to stand trial and profess your guilt or innocence before the Seven?
40,LORAS: There’ll be no need for a trial. I confess before the Seven and freely admit to my crimes.
41,HIGH SPARROW: To which crimes will you be confessing?
42,LORAS: All of them. I lay with other men including the traitor Renly Baratheon.
43,The crowd murmurs.
44,"LORAS: I perjured myself before the gods. I am guilty of depravity… dishonesty, profligacy, and arrogance. I see that now. I humble myself before the Seven and accept whatever punishment the gods deem just."
45,"HIGH SPARROW: The gods’ judgment is fierce, but also fair. The Warrior punishes those who believe themselves beyond the reach of justice. But the Mother shows her mercy to those who kneel before her."
46,LORAS kneels.
47,LORAS: I take full responsibility for my many sins and unburden myself of my desires. My only remaining wish is to devote my life to the Seven. May I be a living example of their grace for others to witness.
48,HIGH SPARROW: You understand fully what this means?
49,LORAS: I do. I will abandon the Tyrell name and all that goes with it. I will renounce my lordship and my claims on Highgarden. I will never marry and I will never father children.
50,HIGH SPARROW: Brother Loras…
51,LORAS begins to cry.
52,HIGH SPARROW: ...I ask you to dedicate your life to the seven gods.
53,The HIGH SPARROW touches LORAS’ face. LORAS looks up at him.
54,HIGH SPARROW: Will you fight to defend your faith against heretics and apostates?
55,LORAS: I will.
56,"The HIGH SPARROW smiles. The HIGH SPARROW nods. Two Faith Militant approach LORAS and take him by the arms. A third approaches him from behind, draws a knife, and begins carving the mark of the Seven into LORAS’ forehead. MACE stirs."
57,"MACE: No, I can’t let them…"
58,MARGAERY blocks her father with her arm.
59,"MARGAERY: Faith is the way, Father."
60,LORAS whinces.
61,CUT TO: RED KEEP - CERSEI’S CHAMBER
62,The handmaiden finishes dressing CERSEI and steps away from her.
63,CUT TO: RED KEEP - TOMMEN’S CHAMBER
64,Someone approaches TOMMEN.
65,TOMMEN: All right. I’m ready.
66,TOMMEN stands and turns around. GREGOR is standing in the doorway.
67,"TOMMEN: I have to go, I’m-- I’m late for the trial."
68,"TOMMEN walks towards GREGOR. GREGOR puts his hand on TOMMEN’s shoulder, blocking his path."
69,CUT TO: RED KEEP - CERSEI’S CHAMBER
70,The handmaiden exits. CERSEI looks over her shoulder.
71,CUT TO: GREAT SEPT OF BAELOR
72,The Faith Militant has finished carving LORAS’s forehead. KEVAN watches from the crowd. MARGAERY has made her way to the floor in front of the HIGH SPARROW.
73,MARGAERY: You mutilated him. You gave me your word.
74,"HIGH SPARROW: I’ve kept my word. Once the queen mother’s trial is concluded, Brother Loras is free to leave."
75,MARGAERY: And where is the queen mother?
76,LANCEL: Her litter never left the Red Keep.
77,HIGH SPARROW: It appears the queen mother doesn’t wish to attend her own trial.
78,CUT TO: RED KEEP - CERSEI’S CHAMBER
79,CERSEI pours herself a glass of wine.
80,CUT TO: GREAT SEPT OF BAELOR
81,HIGH SPARROW (to LANCEL): Go to the Red Keep and show her the way.
82,LANCEL nods and exits with several Faith Militant.
83,CUT TO: RED KEEP - CERSEI’S CHAMBER
84,CERSEI walks to the balcony with her glass of wine.
85,CUT TO: GREAT SEPT OF BAELOR - STEPS
86,LANCEL emerges onto the steps with the Faith Militant. He sees a boy running down the steps. The boy looks over his shoulder at LANCEL.
87,LANCEL: Get the others.
88,The other Faith Militant disperse. LANCEL looks over the railing and sees the boy enter a door at the foot of the steps.
89,CUT TO: RED KEEP - QYBURN’S LAB
90,The young girl opens the door and leads PYCELLE inside. PYCELLE looks around.
91,CUT TO: GREAT SEPT OF BAELOR - STEPS
92,LANCEL runs to the door the boy entered and then goes inside. It leads to a tunnel. LANCEL sees the boy running down the tunnel with a lit torch. He starts after the boy.
93,CUT TO: RED KEEP - QYBURN’S LAB
94,"PYCELLE walks down the steps and into the lab, then turns around to see QYBURN sitting in a chair behind him."
95,PYCELLE: Where’s the king?
96,QYBURN stands.
97,"QYBURN: Elsewhere, I’m afraid."
98,PYCELLE: What’s the meaning of this? I was told that-- I have more important things to do with my time than waste them in the presence--
99,"QYBURN: Please, Grand Maester. I bear you no ill will. Please forgive me if you can."
100,PYCELLE turns around. A young boy emerges from the shadows with a knife.
101,CUT TO: GREAT SEPT OF BAELOR - TUNNELS
102,LANCEL continues to follow the boy through the tunnels.
103,CUT TO: RED KEEP - QYBURN’S LAB
104,More children brandishing knives appear.
105,CUT TO: GREAT SEPT OF BAELOR - TUNNELS
106,LANCEL runs down the tunnel after the boy.
107,CUT TO: RED KEEP - QYBURN’S LAB
108,"QYBURN: This pains me, my lord. Whatever your faults, you do not deserve to die alone in such a cold, dark place. But sometimes before we can usher in the new, the old must be put to rest."
109,The girl who led PYCELLE into the room brandishes a knife.
110,CUT TO: GREAT SEPT OF BAELOR - TUNNELS
111,LANCEL turns a corner and finds a smaller tunnel. He gets down on his hands and knees and crawls through it.
112,CUT TO: RED KEEP - QYBURN’S LAB
113,"The children converge on PYCELLE. PYCELLE slaps one of them but is overwhelmed. The children stab him repeatedly with their knives, killing him. QYBURN watches."
114,CUT TO: GREAT SEPT OF BAELOR - TUNNELS
115,LANCEL happens upon the boy’s torch and raises it up.
116,"LANCEL: The longer you wait, the worse it’ll be for you."
117,LANCEL spies a side passageway lined with barrels. The boy sneaks up on him and stabs him in the side. LANCEL yells and falls to the ground. The boy runs away. LANCEL breathes heavily. The boy returns and looks at LANCEL.
118,LANCEL: What are you doing?
119,The boy runs away.
120,CUT TO: GREAT SEPT OF BAELOR
121,"The crowd is murmuring. MARGAERY looks around at them, then looks at LORAS. LORAS is hanging his head, his eyes downcast."
122,CUT TO: GREAT SEPT OF BAELOR - TUNNELS
123,LANCEL looks down the tunnel and sees a glimmer of light. He drags himself through the dirt towards it.
124,CUT TO: RED KEEP - CERSEI’S CHAMBER
125,"CERSEI is standing at the balcony, staring out at the Great Sept of Baelor."
126,CUT TO: GREAT SEPT OF BAELOR
127,MARGAERY looks around.
128,CUT TO: GREAT SEPT OF BAELOR - TUNNELS
129,LANCEL crawls closer to the other end of the hall. There is a green glow all around him.
130,CUT TO: GREAT SEPT OF BAELOR
131,MARGAERY hurries over to the HIGH SPARROW.
132,MARGAERY: There’s something wrong.
133,"HIGH SPARROW: You have nothing to fear, Your Grace. The trial will begin shortly."
134,MARGAERY: Cersei is not here. Tommen is not here. Why do you think they are not here?
135,"HIGH SPARROW: If the accused is not here, she will be tried regardless. We cannot escape the justice of the gods--"
136,"MARGAERY: Forget about the bloody gods and listen to what I’m telling you. Cersei understands the consequences of her absence and she is absent anyway, which means she does not intend to suffer those consequences. The trial can wait. We all need to leave."
137,The HIGH SPARROW scoffs and shakes his head.
138,CUT TO: GREAT SEPT OF BAELOR - TUNNELS
139,LANCEL has almost reached the end of the tunnel. He sees green pools of liquid on the ground in front of two barrels with candles in their centers. The candles have almost burned down to nothing. He looks around at the casks lining the walls of the tunnel and pulls himself onward towards the candles.
140,CUT TO: GREAT SEPT OF BAELOR
141,MARGAERY (to the crowd): We all need to leave now!
142,MARGAERY hurries over to LORAS. The crowd begins to stir. MARGAERY takes LORAS’ chin and lifts his face so his eyes meet hers.
143,MARGAERY: Loras. Stay with me.
144,MARGAERY ushers him towards the steps.
145,CUT TO: GREAT SEPT OF BAELOR - TUNNELS
146,LANCEL groans as he pulls himself closer to the candles.
147,CUT TO: GREAT SEPT OF BAELOR
148,MARGAERY hurries towards the exit with LORAS. The crowd begins to panic and also heads towards the exit. Two Faith Militant block MARGAERY’s path to the exit.
149,MARGAERY: Let me through. Let me through. Get out of my way.
150,MARGAERY pushes against the guards. The HIGH SPARROW looks around at the crowd.
151,MARGAERY: Let us through!
152,CUT TO: GREAT SEPT OF BAELOR - TUNNELS
153,"LANCEL reaches the candles. He tries to blow out the flame with his breath, but it won’t go out."
154,CUT TO: GREAT SEPT OF BAELOR
155,MARGAERY looks over her shoulder at the HIGH SPARROW. They stare into each other’s eyes.
156,CUT TO: GREAT SEPT OF BAELOR - TUNNELS
157,"The flame from the candle touches the pool of green liquid and ignites it. The surrounding barrels are ignited and explode in a mass of green flame. LANCEL is incinerated. The explosion travels down the tunnel, igniting all of the barrels."
158,CUT TO: GREAT SEPT OF BAELOR
159,"The sound of an explosion can be heard. The green flame erupts from the center of the sept, incinerating the HIGH SPARROW and then engulfing the entire sept, killing everyone inside. The sept crumbles from the force of the explosion. The bell from its tower is flung down into the city, smashing into a bystander. The flames rush out from the sept."
160,CUT TO: RED KEEP - CERSEI’S CHAMBER
161,"CERSEI watches the explosion. She cocks her head back, then smiles, sips her wine, and walks away."
162,CUT TO: RED KEEP - TOMMEN’S CHAMBER
163,GREGOR is standing in the hallway.TOMMEN is staring out the window at the explosion with his mouth hanging open. GREGOR exits.
164,CUT TO: RED KEEP - UNKNOWN CHAMBER
165,SEPTA UNELLA is lying strapped to a table. CERSEI stands over her and pours wine in her face. SEPTA UNELLA sputters and struggles against her bindings.
166,CERSEI: Confess. Confess.
167,CERSEI raises a pitcher of wine over SEPTA UNELLA’s head.
168,SEPTA UNELLA: No.
169,CERSEI: Confess.
170,"CERSEI pours the pitcher into SEPTA UNELLA’s face. SEPTA UNELLA sputters and struggles. When the pitcher is empty, SEPTA UNELLA gasps for air."
171,"CERSEI: Confess. It felt good. Beating me, starving me, frightening me, humiliating me. You didn’t do it because you cared about my atonement. You did it because it felt good. I understand. I do things because they feel good. I drink because it feels good. I killed my husband because it felt good to be rid of him. I fuck my brother because it feels good to feel him inside me. I lie about fucking my brother… because it feels good to keep our son safe from hateful hypocrites. I killed your High Sparrow… and all his little sparrows… all his septons, all his septas, all his filthy soldiers, because it felt good to watch them burn. It felt good to imagine their shock and their pain. No thought has ever given me greater joy. Even confessing feels good under the right circumstances."
172,CERSEI touches SEPTA UNELLA’s face.
173,CERSEI: You’ve always been quiet.
174,CERSEI walks around the table.
175,CERSEI: I said my face would be the last thing you saw before you died. Do you remember?
176,SEPTA UNELLA: Good. I’m glad to see your face. I’m ready to meet the gods.
177,CERSEI: What? Now? Today? You’re not going to die today. You’re not going to die for quite a while. Ser Gregor.
178,GREGOR enters the room.
179,"CERSEI: This is Ser Gregor Clegane. He’s quiet, too."
180,SEPTA UNELLA looks at GREGOR. GREGOR removes his helmet. His face is cloaked in shadow.
181,CERSEI: Your gods have forsaken you. This is your god now.
182,CERSEI walks towards the exit. GREGOR enters. His face is purple and mangled. He puts his helmet down on the table next to SEPTA UNELLA.
183,SEPTA UNELLA: No.
184,"SEPTA UNELLA struggles against her bindings, then cries out in pain."
185,CERSEI: Shame.
186,CERSEI take hold of the door and closes it behind her.
187,CERSEI: Shame.
188,SEPTA UNELLA screams.
189,CERSEI: Shame.
190,CERSEI closes the latch on the door’s porthole and walks away. SEPTA UNELLA screams.
191,CUT TO: RED KEEP - TOMMEN’S CHAMBER
192,TOMMEN is staring out the window.
193,"ATTENDANT: I’m very sorry, Your Grace. Very sorry."
194,"The attendant exits. TOMMEN takes his crown off his head and walks to another part of the room. He returns to the window, stands up on the sill, and plummets off the edge."
195,INT. THE TWINS
196,"A banquet is underway. WALDER FREY is making a toast. JAIME and BRONN sit at the tables with the Frey and Lannister men, listening."
197,WALDER: For House Lannister!
198,MEN: Hear me roar!
199,The men cheer.
200,WALDER: For House Frey!
201,MEN: We stand together!
202,The men cheer.
203,"WALDER: May we stand together through the centuries, good friends to the last."
204,The men cheer.
205,"WALDER: And when we drive our swords through our enemies’ hearts, may we speak the words of our alliance, “The Freys and the Lannisters send their regards.”"
206,The men cheer. A handmaiden looks at BRONN and then at JAIME.
207,"BRONN: You don’t even have to do anything, do you?"
208,JAIME looks at the handmaiden.
209,"BRONN: You just sit there, a rich slab of beef, and all the birds come pecking."
210,JAIME: You’re welcome to her.
211,BRONN: She doesn’t want me. She wants your golden fingers up her twat.
212,JAIME nods at two women standing on the other side of the room.
213,JAIME: Those two have their eyes on you.
214,BRONN looks at the women.
215,"BRONN: They have their eyes on you, cunt."
216,JAIME: Not my type.
217,BRONN: Not blonde enough?
218,"JAIME: Ladies, have you met Ser Bronn of the Blackwater, hero of the Battle of Blackwater Bay."
219,JAIME looks at BRONN.
220,JAIME: There you go.
221,BRONN: Maybe I’m not in the mood.
222,The girls approach Bronn.
223,BRONN: Fuck it.
224,BRONN stands and approaches the girls.
225,BRONN: No need to call me ser just because I’m an anointed knight.
226,WALDER sits down next to JAIME.
227,WALDER: This came together rather well. Your father would be pleased.
228,JAIME: I’m sure he would be.
229,WALDER: Edmure is back in a cell. Can’t go killing my son by law. It wouldn’t be right. Give the family a bad name.
230,WALDER sips his wine.
231,"WALDER: So the famous Blackfish killed by footsoldiers, eh? Legendary warrior, everyone said."
232,"JAIME: Have you done much fighting yourself, Lord Frey?"
233,WALDER: I’m a bit old for all that.
234,"JAIME: No, but back in your day."
235,"WALDER: The purpose of fighting is defeating your enemies, isn’t it?"
236,JAIME nods.
237,WALDER: I’ve defeated mine. Riverrun belonged to House Tully for a thousand years. Now it’s mine. What do you call that? Victory.
238,"JAIME: Yes, you’re a great conqueror."
239,"WALDER: Go on, mock me, boy. You think I mind? The Tullys mocked me for years. The Starks mocked me. Where are they now? You talk about war as if you’re an expert but the one battle I remember you fighting, you were captured by Robb Stark, the Young Wolf. But it doesn’t matter. Here we are now, two kingslayers. We know what it’s like to have them grovel to our faces and snigger behind our backs. We don’t mind, do we? Fear is a marvelous thing."
240,"JAIME: They don’t fear the Freys, though. They fear the Lannisters. We gave you the Riverlands to hold the Riverlands. If we have to ride north and take them back for you every time you lose them, why do we need you?"
241,JAIME stands and exits. WALDER watches him go.
242,INT. RED KEEP - QYBURN’S LAB
243,CERSEI and QYBURN are standing over TOMMEN’s body. His body is covered in a veil.
244,CERSEI: Show me.
245,"QYBURN: Your Grace, there’s no need--"
246,CERSEI: Show me.
247,QYBURN uncovers TOMMEN’s body. CERSEI stares at it.
248,"QYBURN: What are your thoughts concerning the king’s funeral? As the Sept of Baelor is no longer an option, perhaps a ceremony in the throne room?"
249,"CERSEI: He should be with his grandfather, his brother, his sister. Burn him and bury his ashes where the sept once stood."
250,EXT. OLDTOWN - OUTSKIRTS
251,"A horse-drawn carriage moves down the road, then stops. SAM and GILLY emerge from behind it. GILLY is carrying LITTLE SAM. They walk to a nearby hill look out over a lake. Oldtown stands across the lake. SAM and GILLY marvel at it."
252,CUT TO: THE CITADEL
253,"SAM and GILLY enter and walk to the front desk. A maester is sitting behind the desk, holding spectacles up to his eyes and reading."
254,SAM: Hello.
255,"The maester keeps reading and then looks up at SAM, removing his spectacles."
256,SAM: From Lord Commander Snow at Castle Black.
257,"SAM holds up a letter. The maester puts down his spectacles and opens his palm. SAM reaches across the table with the letter, offering it to the maester. The maester does not retrieve it. SAM presses himself against the desk, leans further in, and places the letter directly in the maester’s hand. The maester takes the letter, breaks the seal, and reads it."
258,SAM: I’m-- I’m to be the new maester.
259,The maester looks at SAM and then opens a large book. He flips a few pages.
260,MAESTER: Oh.
261,The maester points his finger to a line of text on the open page.
262,"MAESTER: According to our records, Jeor Mormont is Lord Commander."
263,SAM: He died.
264,MAESTER: We received no report from the maester at Castle Black.
265,SAM: Maester Aemon became quite ill shortly after the election. He’s since passed away. Which is why I’m here.
266,MAESTER: This is irregular.
267,"SAM: Yes, well, I suppose that life is irregular."
268,"The maester stares blankly at SAM, then picks up a quill and crosses off two lines of text in the open book."
269,"MAESTER: The archmaester will discuss these irregularities with you. In the meantime, you are permitted to use the library. Follow me."
270,The maester stands and begins walking away. SAM and GILLY start to follow him. He turns back and looks at GILLY.
271,MAESTER: No women or children!
272,"The maester turns and walks away. SAM makes several baffled gestures to GILLY and then follows the maester. They enter a small hallway full of books. The maester stops in front of a dark side passage and gestures towards it. SAM starts down the passage. The maester leaves. On his way through, SAM touches several of the books lining the shelves. SAM emerges onto the other side of the passage. The passage opens onto an enormous library with a chandelier dangling from the ceiling that reflects light. SAM gets teary and smiles."
273,EXT. WINTERFELL - OUTSKIRTS
274,A white raven flies over the Northern wilderness towards Winterfell.
275,CUT TO: WINTERFELL - DINING HALL
276,"JON SNOW is standing behind the high table, staring across the hall. MELISANDRE stands by his side."
277,"JON SNOW: When we had feasts, our family would sit up here… and I’d sit down there."
278,JON SNOW points to the other end of the hall.
279,"MELISANDRE: Could have been worse, Jon Snow. You had a family. You had feasts."
280,JON SNOW chuckles.
281,"JON SNOW: Aye, you’re right. I was luckier than most."
282,DAVOS enters the hall and tosses the charred stag statuette at MELISANDRE. MELISANDRE catches it.
283,JON SNOW: What is that?
284,DAVOS: Tell him. Tell him who it belonged to.
285,MELISANDRE: The Princess Shireen.
286,DAVOS: Tell him what you did to her. Tell him!
287,MELISANDRE: We burned her at the stake.
288,DAVOS: Why?
289,MELISANDRE: The army was trapped. The horses were dying. It was the only way.
290,DAVOS: You burned a little girl alive!
291,MELISANDRE: I only do what my Lord commands!
292,"DAVOS: If he commands you to burn children, your Lord is evil!"
293,MELISANDRE: We are standing here because of him. Jon Snow is alive because the Lord willed it.
294,DAVOS: I loved that girl like she was my own. She was good. She was kind. And you killed her!
295,MELISANDRE: So did her father. So did her mother. Her own blood knew it was the only way.
296,"DAVOS: The only way for what? They all died anyway! You told everyone Stannis was the one. You had him believing it, all of them fooled. And you lied."
297,MELISANDRE: I didn’t lie. I was wrong.
298,"DAVOS: Aye, you were wrong. How many died because you were wrong?"
299,DAVOS and MELISANDRE stare at each other in silence.
300,DAVOS (to JON SNOW): I ask your leave to execute this woman for murder. She admits to the crime.
301,JON SNOW (to MELISANDRE): Do you have anything to say for yourself?
302,"MELISANDRE: I’ve been ready to die for many years. If the Lord was done with me, so be it, but he’s not. You’ve seen the Night King, Jon Snow. You know the great war is still to come. You know the army of the dead will be upon us soon. And you know I can help you win that war."
303,JON SNOW approaches MELISANDRE.
304,"JON SNOW: Ride south today. If you return to the North, I’ll have you hanged as a murderer."
305,MELISANDRE puts the stag statuette down on the high table and begins to walk away. DAVOS moves in her way.
306,"DAVOS: If you ever come back this way, I will execute you myself."
307,MELISANDRE moves past DAVOS and exits.
308,CUT TO: WINTERFELL - OUTER WALL
309,JON SNOW stands atop the outer wall watching MELISANDRE ride south on her horse. SANSA appears.
310,JON SNOW: I’m having the lord’s chamber prepared for you.
311,SANSA: Mother and Father’s room? You should take it.
312,JON SNOW: I’m not a Stark.
313,SANSA: You are to me.
314,JON SNOW: You’re the Lady of Winterfell. You deserve it. We’re standing here because of you. The battle was lost until the Knights of the Vale rode in. They came because of you. You told me Lord Baelish sold you to the Boltons.
315,SANSA: He did.
316,JON SNOW: And you trust him?
317,"SANSA: Only a fool would trust Littlefinger. I should have told you about him, about the Knights of the Vale. I’m sorry."
318,JON SNOW approaches SANSA.
319,JON SNOW: We need to trust each other. We can’t fight a war amongst ourselves. We have so many enemies now.
320,"JON SNOW touches SANSA’s face and kisses her on the forehead, then turns to walk away."
321,SANSA: Jon.
322,JON SNOW turns back to face SANSA.
323,SANSA: A raven came from the Citadel. A white raven. Winter is here.
324,JON SNOW smiles and looks up at the sky.
325,"JON SNOW: Well, Father always promised, didn’t he?"
326,JON SNOW exits. SANSA looks out at the wilderness.
327,EXT. SUNSPEAR - COURTYARD
328,"ELLARIA SAND and OLENNA TYRELL are sitting across a table from each other. OBARA SAND, NYMERIA SAND, and TYENE SAND flank ELLARIA."
329,"OLENNA: The last time a Tyrell came to Dorne, he was assassinated. 100 red scorpions, was it?"
330,"ELLARIA: You have nothing to fear from us, Lady Olenna."
331,"OLENNA: You murder your own prince, but you expect me to trust you?"
332,OBARA: We invited you to Dorne because we needed your help. You came to Dorne because you needed our help?
333,OLENNA: What is your name again? Barbaro?
334,OBARA: Obara.
335,OLENNA: Obara. You look like an angry little boy. Don’t presume to tell me what I need.
336,"NYMERIA: Forgive my sister. What she lacks in diplomacy, she makes--"
337,"OLENNA: Do shut up, dear."
338,OLENNA looks at TYENE.
339,OLENNA: Anything from you?
340,TYENE opens her mouth to speak.
341,OLENNA: No? Good. Let the grown women speak.
342,ELLARIA: The Lannisters have declared war on House Tyrell. They have declared war on Dorne. We must be allies now if we wish to survive.
343,OLENNA: Cersei stole the future from me. She killed my son. She killed my grandson. She killed my granddaughter. Survival is not what I’m after now.
344,ELLARIA: You’re absolutely right. I chose the wrong words. It is not survival I offer. It is your heart’s desire.
345,ELLARIA rings a bell.
346,OLENNA: And what is my heart’s desire?
347,ELLARIA: Vengeance. Justice.
348,VARYS emerges from a hallway.
349,VARYS: Fire and blood.
350,INT. MEEREEN - GREAT PYRAMID CONFERENCE ROOM
351,"DAENERYS is sitting on a couch, sipping a glass of wine. DAARIO enters."
352,DAARIO: Your ships are nearly ready. I saw them painting the sails.
353,DAARIO pours himself a glass of wine.
354,DAARIO: I’m curious to see how the Dothraki do on the poison water.
355,DAENERYS: You’re not coming with us.
356,"DAARIO: New strategy? You want the Second Sons to attack from the west coast? If we take Casterly Rock, the Lannisters will have nowhere to run when you hit King’s Landing."
357,DAARIO approaches DAENERYS and stands in front of her.
358,DAENERYS: You’re not going to Westeros. You’re staying here with the Second Sons. There’s finally peace in Meereen. You will keep the peace while the people choose their own leaders.
359,DAARIO sets his glass of wine down on a table.
360,"DAARIO: Fuck Meereen. Fuck the people. I’m here for you, not them."
361,"DAENERYS: You promised me. “My sword is yours. My life is yours.” This is what I command. If I’m going to rule in Westeros, I’ll need to make alliances. The best way to make alliances is with marriage."
362,DAARIO sits down.
363,DAARIO: Who are you marrying this time?
364,DAENERYS: I don’t know. Maybe no one.
365,DAARIO: But you need to lure all the noble houses to the table? Are you a queen or fish bait?
366,DAENERYS: I can’t bring a lover to Westeros.
367,DAARIO: A king wouldn’t think twice about it.
368,DAENERYS: So that’s what you want? To be my mistress?
369,DAARIO: I’m not proud. I don’t care what perfumed aristocrat sits beside you in the throne room. I don’t want a crown. I want you.
370,DAARIO approaches DAENERYS and kneels in front of her.
371,DAARIO: I love you. And I make you happy. You know I do. Bring me with you. Let me fight for you.
372,DAENERYS touches DAARIO’s face.
373,DAENERYS: I can’t.
374,DAARIO stands.
375,DAARIO: The dwarf told you to do this.
376,DAENERYS: No one tells me to do anything.
377,DAARIO: Clever fellow. Can’t argue with his logic. I’m no use to you over there.
378,DAENERYS: Don’t get angry.
379,"DAARIO: I’m not angry. I’m full of self-pity. Who comes after you? Who can ever follow Daenerys Stormborn, the Mother of Dragons?"
380,"DAENERYS: A great number of women, I imagine. Specific orders will be left for you regarding the welfare of Meereen and the Bay of Dragons."
381,DAENERYS stands.
382,DAARIO: Bay of Dragons?
383,"DAENERYS: We can’t call it Slaver’s Bay anymore, can we?"
384,"DAARIO: You’ll get that throne you want so badly, I’m sure of it. I hope it brings you happiness."
385,DAARIO sips his wine.
386,DAARIO: I pity the lord of Westeros. They have no idea what’s coming for them.
387,"DAENERYS: Farewell, Daario Naharis."
388,DAARIO nods and exits.
389,CUT TO: MEEREEN - GREAT PYRAMID THRONE ROOM
390,"TYRION is sitting off to the side of the room on a bench. DAENERYS enters, walking down the steps from the throne."
391,TYRION: How did he take it?
392,DAENERYS: No tears.
393,"TYRION: I know it was hard for you. You turned away a man who truly loves you because he would have been a liability in the Seven Kingdoms. That’s the kind of self-sacrifice that makes for a good ruler, if it’s any consolation."
394,DAENERYS reaches the bottom of the steps and approaches TYRION.
395,DAENERYS: It’s not.
396,"TYRION: No, I suppose not. I’m terrible at consoling."
397,DAENERYS sits down on the bench next to TYRION.
398,"DAENERYS: Yes, you really are."
399,"TYRION: All right, how about the fact that this is actually happening? You have your armies, you have your ships, you have your dragons. Everything you’ve ever wanted since you were old enough to want anything. It’s all yours for the taking. Are you afraid?"
400,DAENERYS nods.
401,TYRION: Good. You’re in the great game now. And the great game’s terrifying. The only people who aren’t afraid of failure are madmen like your father.
402,DAENERYS: Do you know what frightens me? I said farewell to a man who loves me. A man I thought I cared for. And I felt nothing. Just impatient to get on with it.
403,TYRION: He wasn’t the first to love you and he won’t be the last.
404,"DAENERYS: Well, you have completely failed to console me."
405,DAENERYS stands and turns to face TYRION.
406,"TYRION: For what it’s worth, I’ve been a cynic for as long as I can remember. Everyone’s always asking me to believe in things-- family, gods, kings, myself. It was often tempting until I saw where belief got people. So I said no, thank you to belief. And yet here I am."
407,TYRION stands on the bench.
408,"TYRION: I believe in you. It’s embarrassing, really. I’d swear you my sword, but I don’t actually own a sword."
409,DAENERYS: It’s your counsel I need.
410,TYRION: It’s yours. Now and always.
411,"DAENERYS: Good. I, um… I had something made for you. I’m not sure if it’s right."
412,DAENERYS pins a Hand of the King’s brooch on TYRION’s chest.
413,"DAENERYS: Tyrion Lannister, I name you Hand of the Queen."
414,"TYRION holds back tears, then kneels."
415,INT. THE TWINS
416,"WALDER FREY is sitting at the high table, eating and drinking. The rest of the dining hall is empty. A handmaiden approaches and sets down a platter of pie on the table in front of him."
417,"WALDER: You’re not one of mine, are you?"
418,"HANDMAIDEN: No, my lord."
419,WALDER: Didn’t think so. Too pretty.
420,WALDER slaps the handmaiden on the buttocks and smiles.
421,WALDER: Where are my damn moron sons? Black Walder and Lothar promised to be here by midday.
422,"HANDMAIDEN: They’re here, my lord."
423,"WALDER: Well, what are they doing, trimming their cunt hairs? Tell them to come here now."
424,"HANDMAIDEN: But they’re already here, my lord."
425,WALDER looks around the hall. The handmaiden points to the pie.
426,"HANDMAIDEN: Here, my lord."
427,WALDER pulls back the top layer of the pie. A finger protrudes from the center of the slice.
428,HANDMAIDEN: They weren’t easy to carve. Especially Black Walder.
429,WALDER breathes heavily.
430,WALDER: What…
431,"The handmaiden reaches up to her face and pulls it away, revealing her true identity is ARYA."
432,ARYA: My name is Arya Stark. I want you to know that. The last thing you’re ever going to see is a Stark smiling down at you as you die.
433,"ARYA brandishes a knife. WALDER gets up to run, but ARYA grabs him and pulls him back down. She grabs him by the forehead and slits his throat. He convulses and groans as he dies. ARYA smiles and stares at him."
434,EXT. WINTERFELL - WEIRWOOD TREE
435,SANSA sits underneath the weirwood tree. PETYR approaches her.
436,"PETYR: Forgive me, my lady… if you’re at prayer."
437,"SANSA: I’m done with all that. I came here every day when I was a girl. I prayed to be somewhere else. Back then I only ever thought about what I wanted, never about what I had."
438,SANSA stands and walks towards PETYR.
439,SANSA: I was a stupid girl.
440,PETYR: You were a child.
441,SANSA: What do you want?
442,PETYR: I thought you knew what I wanted.
443,SANSA: I was wrong.
444,"PETYR: No, you weren’t. Every time I’m faced with a decision, I close my eyes and see the same picture. Whenever I consider an action, I ask myself will this action help to make this picture a reality? Pull it out of my mind and into the world? And I only act if the answer is yes. A picture of me on the Iron Throne… and you by my side."
445,"PETYR leans in to kiss SANSA, but SANSA puts her hand on his chest to stop him."
446,SANSA: It’s a pretty picture.
447,SANSA walks past PETYR.
448,PETYR: News of this battle will spread quickly through the Seven Kingdoms. I’ve declared for House Stark for all to hear.
449,"SANSA: You’ve declared for other houses before, Lord Baelish. It’s never stopped you from serving yourself."
450,"PETYR: The past is gone for good. You can sit here mourning its departure or you can prepare for the future. You, my love, are the future of House Stark. Who should the North rally behind? A trueborn daughter of Ned and Catelyn Stark born here at Winterfell or a motherless bastard born in the south?"
451,SANSA exits.
452,EXT. BEYOND THE WALL
453,BENJEN stares up at The Wall. BRAN and MEERA wait nearby.
454,BENJEN: This is where I leave you.
455,MEERA: You’re not coming with us?
456,"BENJEN: The Wall is not just ice and stone. Ancient spells were carved into its foundations. Strong magic to protect men from what lies beyond. And while it stands, the dead cannot pass. I cannot pass."
457,"BENJEN approaches his horse and lifts BRAN off of it. He carries BRAN to the foot of a nearby weirwood, then walks back to his horse."
458,MEERA: Where will you go?
459,BENJEN: The great war is coming and I still fight for the living. I’ll do what I can… as long as I can.
460,BENJEN mounts his horse.
461,"BRAN: Thank you, Uncle Benjen."
462,BENJEN: I wish you both good fortune.
463,BENJEN rides away. BRAN looks at the weirwood and then starts to crawl towards it. MEERA helps him. BRAN reaches out to the weirwood but MEERA grabs his wrist.
464,MEERA: Are you sure you’re ready for this?
465,BRAN:I’m the Three-Eyed Raven now. I have to be ready for this.
466,BRAN touches the weirwood tree.
467,EXT. VISION OF THE PAST - TOWER OF JOY
468,"NED stands at the base of the Tower of Joy. He heards LYANNA screaming in the Tower and rushes towards the stairs. BRAN stands on the ground behind him. NED turns back as though he hears a noise, but sees nothing. He hurries up the steps. BRAN follows. NED bursts through a door into a bedroom. LYANNA lies in bed. The sheets are soaked with blood. A handmaiden is standing in the corner."
469,LYANNA: Ned?
470,NED: Lyanna.
471,NED rushes to LYANNA’s side.
472,LYANNA: Is that you? Is that really you?
473,LYANNA lifts her hand. NED takes it.
474,LYANNA: You’re not a dream.
475,"NED: No, I’m not a dream. I’m here. Right here."
476,"LYANNA: I’ve missed you, big brother."
477,NED begins to cry.
478,"NED: I’ve missed you, too."
479,LYANNA: I want to be brave.
480,NED: Shh. You are.
481,LYANNA: I’m not.
482,NED lifts his hand from LYANNA’s stomach. His palm is covered in blood.
483,LYANNA: I don’t want to die.
484,NED: You’re not going to die.
485,NED looks at the handmaiden.
486,NED: Get her some water!
487,"LYANNA: No, no water."
488,NED: Is there a maester?
489,"LYANNA: Please. Listen to me, Ned."
490,LYANNA whispers in NED’s ear.
491,"LYANNA: If Robert finds out, he’ll kill him, you know he will. You have to protect him. Promise me, Ned. Promise me."
492,The handmaiden hands NED the child.
493,"LYANNA: Promise me, Ned. Promise me."
494,NED stares down at the baby. The baby opens its eyes. Zoom on the baby’s face.
495,INT. WINTERFELL - DINING HALL
496,"Slow zoom out from JON SNOW’s face. JON SNOW is sitting at high table. SANSA sits beside him. Representatives from Northern houses, the Vale, and the wildlings are gathered in the dining hall. TORMUND and DAVOS sit among the wildlings. PETYR stands off to the side, watching."
497,VALE KNIGHT: You can’t expect Knights of the Vale to side with wildling invaders.
498,TORMUND: We didn’t invade. We were invited.
499,VALE KNIGHT: Not by me.
500,JON SNOW stands.
501,"JON SNOW: The free folk, the northerners, and the Knights of the Vale fought bravely, fought together, and we won. My father uses to say we find our true friends on the battlefield."
502,One of the houses’ representatives stands.
503,"MAN: The Boltons are defeated. The war is over. Winter has come. If the maesters are right, it’ll be the coldest one in a thousand years. We should ride home and wait out the coming storms."
504,"JON SNOW: The war is not over. And I promise you, friend, the true enemy won’t wait out the storm. He brings the storm."
505,The men begin to murmur. LYANNA MORMONT stands.
506,"LYANNA: Your son was butchered at the Red Wedding, Lord Manderly. But you refused the call. You swore allegiance to House Stark, Lord Glover, but in their hour of greatest need, you refused the call. And you, Lord Cerwyn, your father was skinned alive by Ramsay Bolton. Still you refuse the call. But House Mormont remembers. The North remembers. We know no king but the King in the North whose name is Stark. I don’t care if he’s a bastard. Ned Stark’s blood runs through his veins. He’s my king from this day until his last day."
507,The men resume murmuring. LORD MANDERLY stands.
508,"MANDERLY: Lady Mormont speaks harshly and truly. My son died for Robb Stark, the Young Wolf. I didn’t think we’d find another king in my lifetime. I didn’t commit my men to your cause ‘cause I didn’t want more Manderlys dying for nothing. But I was wrong. Jon Snow avenged the Red Wedding. He is the White Wolf. The King in the North."
509,"MANDERLY draws his blade, then rests it point-down on the ground and kneels. LORD GLOVER stands."
510,GLOVER: I did not fight beside you on the field and I will regret that until my dying day. A man can only admit when he was wrong and ask forgiveness.
511,"JON SNOW: There’s nothing to forgive, my lord."
512,GLOVER: There will be more fights to come. House Glover will stand behind House Stark as we have for a thousands years. And I will stand behind Jon Snow… the King in the North!
513,"GLOVER draws his blade, then rests it point-down on the ground and kneels."
514,GLOVER: The King in the North!
515,Everyone in the hall stands and draws their blades.
516,ALL: The King in the North! The King in the North! The King in the North! The King in the North! The King in the North! The King in the North! The King in the North! The King in the North!
517,JON SNOW stands. SANSA and PETYR look at each other.
518,EXT. KING’S LANDING - OUTSKIRTS
519,"JAIME, BRONN, and several Lannister knights are riding on horseback on a high hill. They stop and look out at King’s Landing. JAIME sees smoke billowing out of the ruins of the Great Sept of Baelor."
520,JAIME: Come on.
521,JAIME rides on.
522,CUT TO: RED KEEP - THRONE ROOM
523,"CERSEI enters, escorted by GREGOR and the Kingsguard. The room is full of nobles and city soldiers. QYBURN stands next to the Iron Throne, holding a crown. CERSEI and GREGOR approach the throne. CERSEI stands in front of the throne. JAIME enters through a side passage and watches."
524,"QYBURN: I now proclaim Cersei of the House Lannister First of Her Name, Queen of the Andals and the First Men, Protector of the Seven Kingdoms."
525,QYBURN places the crown on CERSEI’s head. CERSEI sits in the Iron Throne. She and JAIME look at each other.
526,QYBURN: Long may she reign.
527,ALL: Long may she reign.
528,EXT. SUMMER SEA
529,"THEON and YARA are standing on their ship. They look out at the sea. A vessel appears with a dragon as its ram. GREY WORM and the Unsullied are riding in it. Hundreds of other ships are sailing around them. Some of the ships carry the Dothraki and their horses. DROGON, VISERION, and RHAEGAL fly overhead. They fly over the boat leading the convoy DAENERYS, TYRION, VARYS, and MISSANDEI are riding in it. DAENERYS and TYRION look at each other, then DAENERYS looks out at the ocean ahead. The dragons screech."
