line,text
1,INT. MEEREEN - PYRAMID
2,"JORAH: Your Grace, I want to say--"
3,DAENERYS: You will not speak. How do I know you are who you say you are?
4,TYRION: If only I were otherwise.
5,DAENERYS: If you are Tyrion Lannister why shouldn’t I kill you? To pay your family back for what it did to mine
6,TYRION: You want revenge against the Lannisters? I killed my mother Joanna Lannister the day I was born. I killed my father Tywin Lannister with a bow to the heart. I am the greatest Lannister killer of our time.
7,DAENERYS: So I should welcome you into my service because you murdered members of your own family?
8,TYRION: Into your service? Your Grace we have only just met. It’s too soon to know if you deserve my service.
9,DAENERYS: If you’d rather return to the fighting pits just say the word.
10,"TYRION: When I was a young man I heard a story about a baby born during the worst storm in living memory. She had no wealth, no lands, no army, only a name and a handful of supporters, most of whom probably thought they could use that name to benefit themselves. They kept her alive, moving her from place to place, often hours ahead of the men who had been sent to kill her. She was eventually sold off to some warlord on the edge of the world and that appeared to be that. And then a few years later the most well informed person I knew told me that this girl without wealth, lands, or armies had somehow acquired all 3 in a very short span of time, along with three dragons. He thought she was our best, last chance to build a better world. I thought you were worth meeting at the very least."
11,DAENERYS: And why are you worth meeting? Why should I spend my time listening to you?
12,TYRION: Because you can not build a better world on your own. You have no one at your side who understands that land you want to rule. The strengths and the weaknesses of the houses that will either support or oppose you.
13,DAENERYS: I have a very large army and very large dragons.
14,TYRION: Killing and politics aren’t always the same thing. When I served as Hand of the King I did quite well with the latter considering the king in question preferred torturing animals to leading his people. I could do an even better job advising a ruler worth the name.
15,DAENERYS: So you want to advise me. Very well. (looks to Jorah) What would you have me do with him? I swore I would kill him if he ever returned.
16,TYRION: I know.
17,DAENERYS: Why should the people trust a queen who can’t keep her promises?
18,"TYRION: Whomever Ser Jorah was when he started informing on you, he is no longer that man. I can’t remember seeing the same man as devoted to anything as he is to serving you. He claims he would kill for you and die for you, and nothing I have witnessed gives me reason to doubt him. And yet he did betray you."
19,Tyrion approaches Daenerys and Missandei. Her guards raise their spears to her. Daenerys waves them off.
20,TYRION: Did he have an opportunity to confess his betrayals?
21,"DAENERYS: Yes, many opportunities."
22,TYRION: And did he?
23,DAENERYS: No. Not until forced to do so.
24,"TYRION: He worships you. He is in love with you, I think. But he did not trust you with the truth - an unpleasant truth, to be sure - but one of great significance to you. He did not trust that you would be wise enough to forgive him."
25,DAENERYS: So I should kill him?
26,"TYRION: A ruler who kills those that are devoted to her is not a ruler that inspires devotion. And you’re going to need to inspire devotion, and lots of it, if you’re ever going to rule across the Narrow Sea. But you cannot have him by your side when you do."
27,DAENERYS: Remove Ser Jorah from the city.
28,Daenerys and Jorah hold back tears. Jorah is escorted out of the Pyramid. Jorah checks his Greyscale and walks away.
29,INT. BLACK CELLS
30,The Septa holds water out to Cersei.
31,SEPTA: Confess.
32,CERSEI: My son. Let me speak to--
33,She slaps Cersei with a spoon.
34,SEPTA: Confess. I meant it.
35,CERSEI: My face will be the last thing you see before--
36,She slaps her with a spoon again then leaves. Cersei starts screaming.
37,INT. HOUSE OF BLACK AND WHITE
38,"ARYA: My name is Lana. I’m an orphan. When I was 8 I begged enough money to buy my first bucket of oysters, and I sold that bucket and made enough money to buy 2 more."
39,CUT TO: EXT. BRAAVOS - MARKET
40,Arya pushes an oyster cart through a crowded market.
41,"ARYA (V.O.): Iit took a while but I finally saved enough to buy myself an oyster cart. Now every morning I make my way down to the canals. I pass the fish mongers and the bakers. I usually see Lhara, my first customer of the day on my way home. Then I turn left onto Moonsinger Lane--"
42,CUT TO: INT. HOUSE OF BLACK AND WHITE
43,Jaqen slaps her.
44,"ARYA: Left onto Ragman Lane, where I do most of my trade."
45,JAQEN: Lana is very impressive. Very industrious. She will make a fine servant for the Many Faced God.
46,ARYA: How will she serve him?
47,JAQEN: She will no longer turn left onto Ragman Lane. She will turn right and go to Ragman Harbor.
48,ARYA: What will she do there?
49,JAQEN: She will see.
50,ARYA: See what?
51,"JAQEN: How can a man tell a girl this. If he knew what she would see, there would be no reason to send her."
52,"ARYA: Oysters, clams and cockles!"
53,Arya takes a right with the cart.
54,ARYA: Oysters clams and cockles! Oysters clams and cockles!
55,THIN MAN: Your oysters fresh?
56,ARYA: Best in the city.
57,THIN MAN: You wouldn’t lie to an old man would you?
58,Arya cracks an oyster and hands him one he slurps it.
59,THIN MAN: Very nice. Give me 4. With vinegar.
60,A man throws a bag of money and a map on the Thin Man’s table.
61,MAN: It’s my 18th voyage. I’ve returned from all of them without a scratch on me.
62,THIN MAN: Can’t do it.
63,"MAN: Please I have 3 children. Without me-- here take it you have to, I have 3 children, what will they do? Please you have to! Please! You don’t understand?"
64,He is carried away as the Thin Man slurps the oyster
65,CUT TO: INT. THE HOUSE OF BLACK AND WHITE
66,JAQEN: The man is a gambler. He wages that his sailor's ship will make it to its destination. It is a strange wager for the captain. He only wins if he loses his life.
67,ARYA: So why would a captain make the wager in the first place?
68,JAQEN: A girl tells a man that she has seen.
69,"ARYA: If the captain dies, the thin man pays his family a lot of money."
70,"JAQEN: But perhaps the gambler loses his bet and decides that he doesn’t have to pay after all. A destitute woman and her small child, what can they do to such a man if he keeps their money for himself? To whom can they turn for recourse?"
71,Arya looks to see a man praying on the floor.
72,ARYA: The Many Faced God. You said you didn’t know what I would see at the docks.
73,JAQEN: A man had no idea what she would see and what she would not. A girl named Lana will return to the docks. She will watch the gambler. She will come to know as much about him as she knows about herself.
74,ARYA: And then what?
75,JAQEN: A gift for the Thin Man.
76,"He holds up a clear vile. Arya takes the vile, smiling."
77,WAIF: She is not ready.
78,"JAQEN: Perhaps she is, perhaps she’s not."
79,WAIF: And if she’s not?
80,JAQEN: It is all the same to the Many Faced God.
81,INT. BLACK CELLS
82,Qyburn enters the cell and bows.
83,QYBURN: The trial will take place. The High Sparrow will be presenting a substantial case against you.
84,CERSEI: The charges?
85,"QYBURN: Fornication, treason, incest, the murder of King Robert."
86,CERSEI: All lies.
87,"QYBURN: Of course, Your Grace. My concern is that The Faith does not adhere to the same standards of proof as the crown. And I hope you’ll excuse me for saying it, but belief is so often the death of reason."
88,CERSEI: I wish you’d said it sooner. Any word from Jaime?
89,"QYBURN: I’m afraid not. Your Grace, Grand Maester Pycelle has summoned your Uncle Kevan back from Casterly Rock to serve as Hand of the King. He now presides over the small council."
90,CERSEI: Tell him I need to speak to him.
91,QYBURN: I implored him to visit you but he would not.
92,"CERSEI: What about my son, the king? If you can visit me then surely the king--"
93,"QYBURN: Your arrest, and Queen Margaery’s arrest, the king has not taken well. He remains in his chambers, his servants often find his food in the hall. Left untouched."
94,"CERSEI: You need to talk to him, you need to talk to my son to come and see me, come and see his mother."
95,"QYBURN: I tried my grace, he wouldn’t see me. He wouldn’t see anyone."
96,CERSEI: I can’t stay here.
97,"QYBURN: There is a way, Your Grace. A way out."
98,"CERSEI: Confess? To the High Sparrow? I won’t. I made him. I rose him up from nothing, I will not kneel before some barefooted commoner and beg his forgiveness."
99,The septa enters the room.
100,QYBURN: Goodbye my queen. The work continues.
101,Qyburn leaves the cell.
102,INT. WINTERFELL - SANSA’S CHAMBER
103,Theon enters Sansa’s room and sets food down.
104,SANSA: Why. Why Theon.
105,THEON: Not Theon. There is no Theon. Reek.
106,"SANSA: Reek. Why did you tell him, Reek?"
107,"THEON: I was helping you. You were trying to escape, there is no escape. Not ever. Theon Greyjoy tried to escape. The master knew. He knows everything. He hunted him, he caught him, he strapped him to a cross, and cut away piece after piece until there was no Theon left."
108,"SANSA: Good. If it weren’t for you I’d still have a family. If I could do to you what Ramsay did to you right here, right now, I would."
109,THEON: I deserved everything. I deserve to be Reek. I did terrible things. Turned on Robb. Captured Winterfell. Killed those boys.
110,"THEON: They weren’t “those boys”, they were Bran and Rickon. They were your brothers, you’d know them since they were born."
111,THEON: They weren’t. They were only--
112,SANSA: Only what?
113,THEON: I can’t..
114,SANSA: Tell me!
115,"THEON: I can’t, not unless the master says..."
116,"SANSA: Tell me, they weren’t what?!"
117,THEON: They weren’t...
118,"SANSA Tell me why Bran and Rickon should be dead while you still breathe the air. Tell me to my face Theon, tell me that they weren’t your brothers!"
119,THEON: They weren’t Bran and Rickon! I couldn’t find them. It was two farm boys. I killed them and burned them so no one would know.
120,SANSA: You didn’t…?
121,Theon shakes his head no.
122,"SANSA: Do you know where they went, Bran and Rickon?"
123,THEON: I can’t talk to you anymore.
124,"SANSA: Theon, you have to tell me, do you have any idea where Bran and Rickon--"
125,"THEON: Not Theon, Reek!"
126,Theon runs out the door.
127,INT. WINTERFELL - HALL
128,"BOLTON BANNERMAN: Our scouts tells us he’s got no more than 6000 men. More than half of them are mounted, however."
129,"ROOSE: And how high can Stannis’ horses jump? Our walls have been full repaired our walls have been reinforced. We have enough food for six months. We are more prepared for a siege than they could have ever been. All we have to do is wait for them to freeze, starve, and mutiny."
130,Ramsay gives a disagreeing look.
131,ROOSE: You disagree?
132,"RAMSAY: Stannis isn’t from the North. You are, father. I think you’re missing an opportunity to show the people of the North how House Bolton treats southern invaders."
133,ROOSE: And what do you recommend?
134,"RAMSAY: That we not sit and wait to let Stannis to decide what type of fight this is going to be. That we hit first, and hit hard, and leave a feast for the crows."
135,ROOSE: A smart commander does not surrender a defensive advantage. As long as we stay behind these walls they can’t touch us. Not to mention that the snow is so deep that we couldn’t get an army through if we wanted to.
136,RAMSAY: I don’t need an army. I need 20 good men.
137,INT. MEEREEN
138,DAENERYS: So have you decided yet? Whether I’m worthy of your service?
139,TYRION: Have you decided yet whether you’re going to have me killed?
140,DAENERYS: It’s probably my safest option.
141,TYRION: I can see why you would think so. It’s what your father would have done.
142,DAENERYS: And what would your father do?
143,TYRION: My father? Who publicly sentenced me to death? I’d say his thoughts on having me killed were abundantly clear.
144,DAENERYS: Is that why you killed him?
145,"TYRION: Some day if you decide not to execute me, I’ll tell you all about why I killed my father. And on that day, should it ever come, we’ll need more wine than this."
146,DAENERYS: I know what my father was. What he did. I know the Mad King earned his name.
147,"TYRION: So here we sit, two terrible children of two terrible fathers."
148,DAENERYS: I’m terrible?
149,TYRION: I’ve heard stories.
150,DANERYS: Why did you travel to the other side of the world to meet someone terrible?
151,TYRION: To see if you were the right kind of terrible.
152,DAENERYS: Which kind is that?
153,TYRION: The kind that prevents your people from being even more so.
154,DAENERYS: I did reopen the fighting pits. Under my rule murder will once again become entertainment.
155,"TYRION: Yes, that was wise. And you agreed to marry someone you loathed for the greater good. Very impressive. My own sister married someone she loathed as well, though not by choice and certainly not for the greater good, Gods forbid. She ended up having him killed."
156,DAENERYS: Perhaps it won’t come to that.
157,TYRION: It’s not impossible that Varys was right about you after all.
158,DAENERYS: Varys? King Robert’s spy master?
159,TYRION: Yes. He was the one who convinced me to come find you. He was my travelling companion before Ser Jorah seized that role for himself.
160,DAENERYS: Jorah sent my secrets to Varys. For 20 years the spider oversaw the campaign to find and kill me.
161,TYRION: He did what he had to do to survive. He did a lot of other things that he didn’t have to do. I suspect he’s the main reason you weren’t slaughtered in your crib.
162,DAENERYS: But you trust him?
163,"TYRION: Yes, oddly. He might be the only person in the world that I trust. Besides my brother."
164,DAENERYS: The brother who killed my father.
165,TYRION: That’s the one.
166,DAENERYS: Perhaps I will have you killed after all.
167,"TYRION: Your queenly prerogative. I had given up on life until Varys convinced me you might be worth living for. You chop off my head? Well, my final days were interesting."
168,DAENERYS: I’m not going to kill you.
169,TYRION: No? Banish me?
170,DAENERYS: No.
171,"TYRION: So if I’m not going to be murdered, and I’m not going to be banished..."
172,DAENERYS: You’re going to advise me. (takes his wine cup) While you can still speak in complete sentences.
173,TYRION: Advise you on what?
174,DAENERYS: How to get what I want.
175,TYRION: The Iron Throne. Perhaps you should try wanting something else.
176,DAENERYS: If I want jokes I’ll get myself a proper fool.
177,TYRION: I’m not entirely joking. There’s more to the world than Westeros after all. How many hundreds of thousands of lives have you changed for the better here? Perhaps this is where you belong. Where you can do the most good.
178,DAENERYS: I fought so that no child born into Slaver’s Bay would ever know what it was like to be bought or sold. I will continue that fight here and beyond. But this is not my home.
179,"TYRION: And when you get back to your home, who supports you?"
180,DAENERYS: The common people.
181,"TYRION: Let’s be generous and assume that’s going to happen. Here in Slaver’s Bay you had the support of the common people and only the common people. What was that like, ruling without the rich? House Targaryen is gone, not a single person who shares your blood is alive to support you. The Starks are gone as well, our two terrible fathers saw to that. The remaining Lannisters won’t back you, not ever. Stannis Baratheon won’t back you either, his entire claim to the Throne depends on the illegitimacy of yours. That leaves the Tyrells. Not impossible, but not enough."
182,"DAENERYS: Lannister, Targaryen, Baratheon, Stark, Tyrell. They’re all just spokes on a wheel. This one's on top, then that ones on top and on and on it spins, crushing the people on the ground."
183,TYRION: It’s a beautiful dream. Stopping the wheel. You’re not the first person to have dreamt it.
184,DAENERYS: I’m not going to stop the wheel. I’m going to break the wheel.
185,EXT. FIGHTING PIT
186,Two gladiators spar. Jorah walks to the pit. The master whistles for them to stop fighting. Jorah flips him a coin.
187,JORAH: You said whoever wins would fight at the Great Pit in front of the queen. I won.
188,MASTER: You struck me.
189,JORAH: I’ve been flogged if it makes you happy. I’m the best you’ve got. If I win at the Great Pit how much can you sell me for?
190,"MASTER: You’re a free man, you could have gone anywhere, why did you come back?"
191,JORAH: Let me fight for her and I belong to you.
192,INT. BLACK CELLS
193,SEPTA: Thirsty? Confess.
194,"CERSEI: I’ll get out of here, you realize. Before long."
195,SEPTA: Confess.
196,CERSEI: I can make you a wealthy woman. A lady of the court.
197,SEPTA: Confess.
198,"CERSEI: I can make sure you die in the most hideous way imaginable, and all I do is sit here imagining ways for you to die."
199,She dumps her water out on the floor. Cersei licks it from the floor when she leaves.
200,INT. CASTLE BLACK - SAM’S ROOM
201,GILLY: Does it hurt?
202,SAM: No.
203,GILLY: Good.
204,SAM: How are you?
205,GILLY: I’m not the one who got punched and kicked in the face.
206,SAM: You know what I mean.
207,GILLY: I’m good.
208,SAM: Are you scared?
209,GILLY: A little.
210,SAM: Me too.
211,There is a knock on the door. Sam grabs his knife.
212,SAM: Who’s there?
213,OLLY: Olly.
214,Sam puts the knife down.
215,SAM: Come in.
216,OLLY: I heard what happened.
217,SAM: Not to worry. Men brawl from time to time. It’s only natural.
218,Olly sets a tray of food on Sam’s bed.
219,OLLY: Figured you were hungry.
220,SAM: You’re a good lad.
221,OLLY: Wanted to ask you something. (Olly looks at Gilly) If you’ve got the time.
222,GILLY: I need to check on baby Sam.
223,She exits the room.
224,SAM: Now then. How can I help?
225,OLLY: It’s about the Lord Commander.
226,SAM: Yes?
227,OLLY: He’s going up to Hardhome to save all them wildlings. Wildlings killed my mom and dad. They killed everyone in my village.
228,SAM: We’ve been fighting them for years.
229,OLLY: This wasn’t a fight. We were farmers and they slaughtered us. So why’s he saving them?
230,"SAM: Wildlings are people, just like us. There are good ones and bad ones."
231,"OLLY: The one he’s travelling with, the one with the red beard, he led the raid on my village."
232,SAM: Olly...
233,OLLY: How can he trust him?
234,"SAM: I’ve seen the army of the dead. I’ve seen the white walkers, and they’re coming for us, for all the living. And when it’s time we’ll need every last man we can find."
235,OLLY: But what if we let the wildings through the gates and they cut our throats while we sleep?
236,"SAM: Jon’s taking a risk, but he has to. We don’t stand a chance otherwise. Sometimes a man has to make hard choices, choices that might look wrong to others but you know are right in the long run."
237,OLLY: You believe that?
238,SAM: With all my heart.
239,Olly looks conflicted. He walks towards the door.
240,SAM: Try not to worry Olly. I’ve been worrying about Jon for years. He always comes back.
241,EXT. HARDHOME - SHORE
242,The ships full of Crows and wildlings dock at Hardhome. Jon and Tormund get out together. The camera fixates on the swords on their hips.
243,TORMUND: You trust me Jon Snow?
244,JON: Does that make me a fool?
245,TORMUND: We are fools together now.
246,"They walk to meet the men and women of Hardhome, lead by the Lord of Bones."
247,TORMUND: Lord of Bones. Been a long time.
248,LORD OF BONES: Last time I saw you the little crow was your prisoner. The other way around now. What happened?
249,TORMUND: War.
250,LORD OF BONES: You call that a war? The greatest army the North has ever seen cut to pieces by a southern king.
251,TORMUND: We should gather the elders find somewhere quiet to talk.
252,LORD OF BONES: You don’t give the orders here.
253,TORMUND: I’m not giving an order.
254,LORD OF BONES: Why aren’t you in chains?
255,JON: He’s not my prisoner.
256,LORD OF BONES: What is he?
257,JON: We’re allies.
258,The Hardhome wildlings complain loudly.
259,LORD OF BONES: You fucking traitor! You fight for the crows now.
260,TORMUND: I don’t fight for the crows.
261,JON: We’re not here to fight. We’re here to talk.
262,"LORD OF BONES: Is that right? You and the pretty crow do a lot of talking, Tormund. And when you’re done talking, do you get down on your knees and suck his cock--"
263,Tormund grabs the Lord of Bones’ staff from him and beats him to death with it.
264,TORMUND: Gather the elders and let’s talk.
265,INT. HARDHOME - CABIN
266,"Jon is surrounded by Karsi, a Wildling chieftess, Loboda, a Thenn, a Wildling elder, and various other Wildlings."
267,JON: My name’s Jon Snow. I’m Lord Commander of the Night’s Watch. We’re not friends. We’ve never been friends. We won’t become friends today. This isn’t about friendship. This is about survival. This is about putting a 700 foot wall between you and what’s out there.
268,KARSI: You built that wall to keep us out.
269,LOBODA: Since when do the crows give 2 shits if we live?
270,JON: In normal times we wouldn’t. But these aren’t normal times. The white walkers don’t care if a man’s Free Folk or Crow. We’re all the same to them. Meat to their army. But together we can beat them.
271,"KARSI: Beat the white walkers? Good luck with that. Run from them, maybe."
272,Jon holds the bag full of Dragonstone to Karsi. She looks at it hesitantly.
273,JON: It’s not a trick. It’s a gift for those who join us.
274,Karsi examine the glass in shock.
275,JON: Dragonglass. A man of the Night’s Watch used one of these daggers to kill a walker.
276,LOBODA: You saw this?
277,JON: No. But I trust the man.
278,KARSI: There are old stories about Dragonglass.
279,LOBODA: There are old stories about ice spiders big as hounds.
280,KARSI: And with the things we’ve seen you don’t believe them?
281,JON: Come with me and I'll share these weapons.
282,KARSI: Come with you where?
283,JON: There are good lands south of the wall. The Night's Watch will allow you through the tunnel and allow your people to farm those lands.
284,There is hesitation.
285,"JON: I knew Mance Rayder. He never wanted a war with the Night’s Watch, he wanted a new life for his people. For you. We’re prepared to give you that new life."
286,KARSI: If…?
287,JON: If you swear you join us when the real war begins.
288,LOBODA: Where is Mance?
289,JON: He died.
290,LOBODA: How?
291,JON (after a long pause): I put an arrow through his heart.
292,The wildlings in the cabin start to riot.
293,LOBODA: I say we send the Lord Commander back to Castle Black with no eyes.
294,Loboda brandishes his axe. Tormund steps forward.
295,"TORMUND: None of you saw Mance die! I did. The Southern King who broke our army, Stannis, wanted to burn him alive to send him a message. Jon Snow defied that cunt’s orders. His arrow was mercy. What it did took courage, and that’s what we need today: the courage to make peace with men we’ve been fighting for generations."
296,"KARSI: I lost my father, my uncle, and 2 brothers fighting the damn crows."
297,"JON: I’m not asking you to forget your dead. I’ll never forget mine. I lost 50 brothers the night that Mance attacked the wall. But I’m asking you to think about your children now. They’ll never have children of their own if we don’t band together. The Long Night is coming and the dead come with it. No clan can stop them. The free folk can’t stop them. The Night’s Watch can’t stop them. And all the southern kings can’t stop them. Only together, all of us, and even then it might not be enough, but at least then we’ll give the fuckers a fight."
298,There are small nods of approval throughout the room.
299,"KARSI: You vouch for this man, Tormund?"
300,"TORMUND: He’s prettier than both my daughters, but he knows how to fight. He’s young, but he knows how to lead. He didn’t have to come to Hardhome. He came because he needs us. And we need him."
301,LOBODA: My ancestors would spit on me if I broke bread with a crow.
302,"KARSI: So would mine, but fuck 'em, they’re dead."
303,Karsi walks in front of Jon.
304,I’ll never trust a man in black.
305,Karsi walks over to Tormund.
306,"But I trust you, Tormund. If you say this is the way, we’re with you."
307,TORMUND: This is the way.
308,WILDLING ELDER: I’m with Tormund. We stay here we’re dead men. At least with King Crow there’s a chance.
309,GIANT: Tormund.
310,"LOBODA: Keep that new life you want to give us. Keep your glass, King Crow. Soon as you get on his ships they’re gonna slit your throats and dump your bodies to the bottom of the Shivering Sea. That’s our enemy. That has always been our enemy."
311,Wildlings start leaving the cabin and head towards the boats.
312,KARSI (to Tormund): I fucking hate Thenns.
313,Tormund nods.
314,EXT. HARDHOME - SHORE
315,"Jon, Tormund, and Karsi lead the Wildlings to the boats."
316,JON: How many are with us? 5000?
317,TORMUND: I’m not good at counting.
318,JON: We’re leaving too many behind.
319,TORMUND: The free folk are stubborn. You know how long it took Mance to band them together. 20 fucking years.
320,JON: And he knew them better than I ever will.
321,TORMUND: They’re running out of food and there’s nothing to hunt. They’ll come around.
322,Cut to Karsi loading two children onto a boat.
323,"KARSI: Johnna is gonna look after you. She’s in charge, you listen to her."
324,DAUGHTER: I wanna go with you.
325,"KARSI: I need to get the old folks on the boats. I’m right behind you, I promise. (she kisses them on the forehead) Go on."
326,INT. HARDHOME - CABIN
327,The Giant picks up a piece of Dragonglass and strokes it intently. Edd begins picking up the pieces of glass and looks at the giant with his piece of glass. Wun Wun turns to Edd and stares at him annoyed.
328,WUN WUN: Lokh kif rukh?
329,Edd leaves. Dogs are barking outside.
330,EXT. HARDHOME - SHORE
331,Jon loads girls onto a boat then turns to hear the dogs barking. The wind starts whipping from a neighboring cliff and the dogs start whimpering. Every wildling and Crow slowly turns to the source of the noise.
332,EXT. HARDHOME - GATE
333,LOBODA: Shut the gate.
334,Men hurry towards the gate to board it up. More howling from the distance. The Wildlings on the other side of the gate begin charging the gate.
335,LOBODA: Shut the gate!!
336,Men rush to put a board in place to hold the gate shut.
337,SHOUTING: Wait! Open the gate! Let us in! Help us! Please open it!
338,"Loboda walks to the gate with his axe and peers through a small hole in the wall. There is a faint scream in the distance, then a wight charges at the hole in the wall."
339,LOBODA: Ready your arrows!
340,The wights claw at the gate. Arrows are nocked and fired. A wight sticks his hand through the gate and Loboda chops it off.
341,EXT. HARDHOME - SHORE
342,There is a mad rush towards the boats with many people jumping in the water to catch one.
343,JON: Get in line! Get in line!
344,EXT. HARDHOME - GATE
345,A wight tries to climb the gate.
346,INT. HARDHOME - CABIN
347,Wights crawl to the top of the cabin and jumps through the hole in the roof. The men prepare their weapons and the giant growls.
348,EXT. HARDHOME - GATE
349,"One wight tries to climb under the gate. A barrage of arrows flies at the wights trying to get through the wall. Most of them land. The wight crawls even further under the gate. The wights start making holes in the gate. A sword sticks through the gate coming close to Loboda on the gate. Loboda dodges the sword, looks down to see the wight crawling under the gate, and stomps its head in."
350,EXT. HARDHOME - SHORE
351,"The people continue to rush onto the boats with Jon, Tormund, and Karsi leading them."
352,JON: Hold the line! Hold the line!
353,NIGHT’S WATCH BROTHER: Lord Commander!
354,JON: Get them to the ship and come back for me!
355,BROTHER: But you’ll never make it--
356,JON: Now!
357,Karsi approaches Jon.
358,JON: You should be on one of those boats.
359,KARSI: So should you ! My little girl has gone on. They're gonna let them pass the wall even if you’re not there ?
360,JON: You have my word. I’ve given orders.
361,KARSI: Don’t think you’re gonna be there to enforce those orders !
362,Karsi heads back to helping people onto the boats.
363,"TORMUND: If they get through, everyone dies !"
364,JON: Night’s Watch with me! Move! Move! Move!
365,"Jon, Tormund, Karsi, and the Night’s Watch brothers charge from the shore to the gate."
366,EXT. HARDHOME - SHORE
367,"The wights have knocked a hole into the gate big enough to crawl out of. One breaks through, tears someone apart, and then is taken down. A group of wights storm through the same hole. Cut to an overhead that shows just how many wights are behind the gate."
368,"Jon arrives at the gate. He pins a wight to the gate with Longclaw as Tormund and Karsi kill the wights that have already gotten through. The archers take out the wight Jon pinned to the gate, and then the men cover the hole the wights had been escaping from with a sled."
369,Fighting continues. A group of wights tear into a Crow. Loboda and Karsi continue to kill the wights.
370,Jon looks up through the mist and sees 4 White Walkers on horseback on the top of the cliff.
371,JON: The Dragonglass!
372,"LOBODA: You’re with me, lad! Now!"
373,"Jon and Loboda charge towards the cabin. Jon cuts a wight in half then kills another. The giant breaks through a wall in the cabin as the cabin starts to go down in flames. He shakes the wights off of his back, snapping some in half and stomping others into pieces. Jon and Loboda storm the cabin."
374,INT. HARDHOME - CABIN
375,The entire cabin is on fire. A White Walker wielding a staff walks towards them through the fire.
376,LOBODA: Get the glass.
377,"Loboda walks towards the White Walker as Jon scrambles towards the Dragonglass. Loboda misses with his axe twice, getting it caught in the wall. He pulls it out to parry in time, but the Walker’s spear shatters his axe. The Walker plunges his spear through Loboda's stomach."
378,"Jon reaches the glass but is thrown across the room by the Walker before he can pick it up, causing Longclaw to fly out of the cabin. Jon ducks from the Walker’s swings with his spear, and runs out to grab another sword. The Walker swings and shatters the sword. He knocks Jon down again. Jon struggles, then gets up again, running to pick up Longclaw. He stumbles and drops the sword. The White Walker staggers towards him. Jon picks up Longclaw just in time to match the White Walker, and to both of their surprises, Longclaw stops the Walker’s spear. The Walker deflects one blow from Jon, but then he swings and shatters the Walker into pieces."
379,Jon falls to the ground after the struggle. The Night’s King watches him alone from the top of the cliff.
380,EXT. HARDHOME - GATE
381,"Tormund and Karsi continue to tear through wights. Karsi looks up, and sees a group of blue-eyed wight children staring at her. They do nothing for a moment, then charge at her, chewing and clawing her to death."
382,"Cut to Jon crawling across the snow, coughing up blood. A man grabs him and Jon puts Longclaw to his neck. The man turns out to be Edd and they lower their weapons."
383,JON: The Dragonglass!
384,EDD: Fuck the glass! We’re gonna die here.
385,"A screech comes from the top of the cliff. Hundreds of wights dive from the top of the cliff. They appear to have died for a brief moment after landing, but then wake up and charge at Jon and Edd."
386,Cut to Tormund continuing to hold the gate. The gate starts creaking then comes down. Tormund runs to the boat.
387,"The giant starts roaring as the other gate comes down, swinging a fiery log. Jon, Tormund, and Edd sprint towards the boat with the giant clearing a path for them with the log. The Night’s King continues to watch them from the top of the cliff."
388,EXT. HARDHOME - SHORE
389,"Jon, Tormund, and the Crow jump off the dock onto the boat."
390,JON: Go! Go! Go!
391,"TORMUND: Wun Wun, to the sea."
392,"The giant stays back, continuing to take out loads of wights by swinging his flaming log. He begins to walk towards the boat, ripping the wights hanging onto him off of his back and throwing them into the water to die."
393,JON: Let’s go now! Now!
394,"Jon looks back to shore to see the Wights, along with a White Walker, killing the last surviving wildlings."
395,"Slowly, a figure walks to the end of the dock. The camera pans up to reveal the Night’s King. He stares at Jon and Jon stares back. The Night’s King turns his head to the carnage at the edge of the shore and then looks back to Jon. He slowly starts raising his arms.The dead wildlings twitch, then open their eyes to reveal blue. Karsii comes back to life, blue-eyed . They all start standing up, joining the army of the dead, and staring at Jon. Jon can do nothing but stare back at the Night’s King back as the boat drifts away."
396,
